{"count":1,"gauges":{},"self":41.073071999999996,"total":41.11589,"children":{"AgentSendState":{"count":2021,"self":0.016922,"total":0.016922,"children":null},"DecideAction":{"count":2021,"self":0.0119311,"total":0.0119311,"children":null},"AgentAct":{"count":2021,"self":0.012969399999999999,"total":0.012969399999999999,"children":null}}}