{"count":1,"gauges":{},"self":20.796832,"total":20.821392,"children":{"AgentSendState":{"count":875,"self":0.0137536,"total":0.0137536,"children":null},"DecideAction":{"count":875,"self":0.0058966999999999995,"total":0.0058966999999999995,"children":null},"AgentAct":{"count":875,"self":0.0039087,"total":0.0039087,"children":null}}}