{"count":1,"gauges":{},"self":60.668249599999996,"total":60.752310699999995,"children":{"AgentSendState":{"count":3012,"self":0.0524779,"total":0.0524779,"children":null},"DecideAction":{"count":3012,"self":0.017753599999999998,"total":0.017753599999999998,"children":null},"AgentAct":{"count":3012,"self":0.012825399999999999,"total":0.012825399999999999,"children":null}}}