{"count":1,"gauges":{},"self":23.1366144,"total":23.168141199999997,"children":{"AgentSendState":{"count":1135,"self":0.021692899999999998,"total":0.021692899999999998,"children":null},"DecideAction":{"count":1135,"self":0.0019621,"total":0.0019621,"children":null},"AgentAct":{"count":1135,"self":0.0068708,"total":0.0068708,"children":null}}}