{"count":1,"gauges":{},"self":113.2584832,"total":113.39620889999999,"children":{"AgentSendState":{"count":5559,"self":0.0659897,"total":0.0659897,"children":null},"DecideAction":{"count":5559,"self":0.0318882,"total":0.0318882,"children":null},"AgentAct":{"count":5559,"self":0.0378521,"total":0.0378521,"children":null}}}