{"count":1,"gauges":{"WalkingAgent.CumulativeReward":{"count":1,"max":2.45676875,"min":2.45676875,"value":2.45676875,"weightedAverage":2.45676875}},"self":42.706416,"total":42.8649182,"children":{"AgentSendState":{"count":8492,"self":0.0767503,"total":0.0767503,"children":null},"DecideAction":{"count":8492,"self":0.0349036,"total":0.0349036,"children":null},"AgentAct":{"count":8492,"self":0.0458502,"total":0.0458502,"children":null}}}