{"count":1,"gauges":{},"self":10.6219272,"total":10.636879799999999,"children":{"AgentSendState":{"count":514,"self":0.010961799999999999,"total":0.010961799999999999,"children":null},"DecideAction":{"count":514,"self":0.0019933999999999998,"total":0.0019933999999999998,"children":null},"AgentAct":{"count":514,"self":0.0009964,"total":0.0009964,"children":null}}}