{"count":1,"gauges":{"WalkingAgent.CumulativeReward":{"count":1,"max":2.404721,"min":2.404721,"value":2.404721,"weightedAverage":2.404721}},"self":124.26474239999999,"total":124.40605509999999,"children":{"AgentSendState":{"count":6113,"self":0.0904913,"total":0.0904913,"children":null},"DecideAction":{"count":6113,"self":0.0228931,"total":0.0228931,"children":null},"AgentAct":{"count":6113,"self":0.0269276,"total":0.0269276,"children":null}}}