{"count":1,"gauges":{},"self":27.432992,"total":27.46193,"children":{"AgentSendState":{"count":1354,"self":0.0180695,"total":0.0180695,"children":null},"DecideAction":{"count":1354,"self":0.0039019999999999997,"total":0.0039019999999999997,"children":null},"AgentAct":{"count":1354,"self":0.0059416999999999994,"total":0.0059416999999999994,"children":null}}}