{"count":1,"gauges":{},"self":434.50045439999997,"total":436.5424362,"children":{"AgentSendState":{"count":21717,"self":1.0596908999999999,"total":1.0596908999999999,"children":null},"DecideAction":{"count":21717,"self":0.4799534,"total":0.4799534,"children":null},"AgentAct":{"count":21717,"self":0.50132389999999993,"total":0.50132389999999993,"children":null}}}