{"count":1,"gauges":{},"self":18.2610288,"total":18.273964499999998,"children":{"AgentSendState":{"count":875,"self":0.0059841999999999994,"total":0.0059841999999999994,"children":null},"DecideAction":{"count":875,"self":0.004987,"total":0.004987,"children":null},"AgentAct":{"count":875,"self":0.00099859999999999988,"total":0.00099859999999999988,"children":null}}}