{"count":1,"gauges":{},"self":0.181942,"total":0.18294149999999998,"children":null}