{"count":1,"gauges":{},"self":10.465457599999999,"total":10.474452099999999,"children":{"AgentSendState":{"count":478,"self":0.0019933,"total":0.0019933,"children":null},"DecideAction":{"count":478,"self":0.0039902,"total":0.0039902,"children":null},"AgentAct":{"count":478,"self":0.002012,"total":0.002012,"children":null}}}